tracking_number,service_type,carrier_code,package_weight_kg,packaging_type,origin_city,origin_state,origin_pincode,destination_city,destination_state,destination_pincode,pickup_datetime_ist,delivery_datetime_ist,total_transit_hours,num_facilities_visited,num_in_transit_events,time_in_inter_facility_transit_hours,avg_hours_per_facility,is_express_service,delivery_location_type,num_out_for_delivery_attempts,first_attempt_delivery,total_events_count
391128701026,FEDEX_EXPRESS_SAVER,FDXE,14.0,YOUR_PACKAGING,Bangalore,KA,UNKNOWN,Gurgaon,HR,UNKNOWN,2020-03-16 10:14:00,2020-03-20 08:07:00,93.88,4,7,82.4,23.47,True,RESIDENCE,1,True,11
390901883808,FEDEX_EXPRESS_SAVER,FDXE,14.0,YOUR_PACKAGING,Bangalore,KA,UNKNOWN,Bangalore,KA,UNKNOWN,2020-03-06 10:37:00,2020-03-09 14:20:00,75.72,3,7,60.13,25.24,True,RECEPTIONIST_OR_FRONT_DESK,2,False,12
391128749178,FEDEX_EXPRESS_SAVER,FDXE,14.0,YOUR_PACKAGING,Bangalore,KA,UNKNOWN,Ahmedabad,GJ,UNKNOWN,2020-03-16 10:14:00,2020-03-19 09:59:00,71.75,5,8,56.43,14.35,True,RESIDENCE,1,True,12
390807986805,FEDEX_EXPRESS_SAVER,FDXE,14.0,YOUR_PACKAGING,Bangalore,KA,UNKNOWN,New Delhi,DL,UNKNOWN,2020-03-03 10:49:00,2020-03-07 08:54:00,94.08,3,6,81.62,31.36,True,RESIDENCE,1,True,10
390948921190,FEDEX_EXPRESS_SAVER,FDXE,14.0,YOUR_PACKAGING,Bangalore,KA,UNKNOWN,Delhi,DL,UNKNOWN,2020-03-09 09:42:00,2020-03-13 09:14:00,95.53,4,7,83.0,23.88,True,RESIDENCE,1,True,11
390950106897,FEDEX_EXPRESS_SAVER,FDXE,14.0,YOUR_PACKAGING,Bangalore,KA,UNKNOWN,Mumbai,MH,UNKNOWN,2020-03-09 09:42:00,2020-03-12 10:30:00,72.8,5,8,59.9,14.56,True,UNKNOWN,0,True,12
391128762808,FEDEX_EXPRESS_SAVER,FDXE,14.0,YOUR_PACKAGING,Bangalore,KA,UNKNOWN,Mumbai,MH,UNKNOWN,2020-03-16 10:14:00,2020-03-18 06:39:00,44.42,4,7,35.27,11.1,True,RESIDENCE,0,True,10
390807994538,FEDEX_EXPRESS_SAVER,FDXE,14.0,YOUR_PACKAGING,Bangalore,KA,UNKNOWN,New Delhi,DL,UNKNOWN,2020-03-03 10:49:00,2020-03-07 09:49:00,95.0,3,6,81.62,31.67,True,RESIDENCE,1,True,10
390950134073,FEDEX_EXPRESS_SAVER,FDXE,14.0,YOUR_PACKAGING,Bangalore,KA,UNKNOWN,Delhi,DL,UNKNOWN,2020-03-09 09:42:00,2020-03-13 09:14:00,95.53,4,6,83.0,23.88,True,RESIDENCE,1,True,10
390950572730,FEDEX_EXPRESS_SAVER,FDXE,28.0,YOUR_PACKAGING,Bangalore,KA,UNKNOWN,Bangalore,KA,UNKNOWN,2020-03-09 09:42:00,2020-03-10 10:00:00,24.3,3,5,10.8,8.1,True,RECEPTIONIST_OR_FRONT_DESK,1,True,9
390839041400,FEDEX_EXPRESS_SAVER,FDXE,14.0,YOUR_PACKAGING,Bangalore,KA,UNKNOWN,Delhi,DL,UNKNOWN,2020-03-04 10:43:00,2020-03-09 09:15:00,118.53,4,9,85.8,29.63,True,RESIDENCE,1,True,13
390807999654,FEDEX_EXPRESS_SAVER,FDXE,14.0,YOUR_PACKAGING,Bangalore,KA,UNKNOWN,Bokaro steel City,JH,UNKNOWN,2020-03-03 10:49:00,2020-03-12 07:30:00,212.68,4,7,202.02,53.17,True,RECEPTIONIST_OR_FRONT_DESK,1,True,11
390767871261,FEDEX_EXPRESS_SAVER,FDXE,14.0,YOUR_PACKAGING,Bangalore,KA,UNKNOWN,Gurugram,HR,UNKNOWN,2020-03-02 10:53:00,2020-03-11 13:00:00,218.12,3,11,159.02,72.71,True,RECEPTIONIST_OR_FRONT_DESK,1,True,17
391018702750,FEDEX_EXPRESS_SAVER,FDXE,14.0,YOUR_PACKAGING,Bangalore,KA,UNKNOWN,Lucknow,UP,UNKNOWN,2020-03-11 11:09:00,2020-03-18 13:56:00,170.78,4,8,138.55,42.7,True,RESIDENCE,1,True,13
390931993491,FEDEX_EXPRESS_SAVER,FDXE,14.0,YOUR_PACKAGING,Bangalore,KA,UNKNOWN,ahmedabad,GJ,UNKNOWN,2020-03-07 10:57:00,2020-03-11 09:01:00,94.07,5,9,81.92,18.81,True,RESIDENCE,1,True,13
391080326650,FEDEX_EXPRESS_SAVER,FDXE,14.0,YOUR_PACKAGING,Bangalore,KA,UNKNOWN,Thane,MH,UNKNOWN,2020-03-13 11:44:00,2020-03-20 10:30:00,166.77,4,17,155.72,41.69,True,UNKNOWN,4,False,25
390870220230,FEDEX_EXPRESS_SAVER,FDXE,14.0,YOUR_PACKAGING,Bangalore,KA,UNKNOWN,Hyderabad,TS,UNKNOWN,2020-03-05 13:50:00,2020-03-14 12:45:00,214.92,4,17,212.35,53.73,True,IN_BOND_OR_CAGE,1,True,24
390901963670,FEDEX_EXPRESS_SAVER,FDXE,14.0,YOUR_PACKAGING,Bangalore,KA,UNKNOWN,HYDERABAD,TS,UNKNOWN,2020-03-06 10:37:00,2020-03-10 12:30:00,97.88,4,8,71.83,24.47,True,RECEPTIONIST_OR_FRONT_DESK,1,True,12
390950151411,FEDEX_EXPRESS_SAVER,FDXE,14.0,YOUR_PACKAGING,Bangalore,KA,UNKNOWN,Delhi,DL,UNKNOWN,2020-03-09 09:42:00,2020-03-13 09:14:00,95.53,4,6,83.0,23.88,True,RESIDENCE,1,True,10
390950569057,FEDEX_EXPRESS_SAVER,FDXE,14.0,YOUR_PACKAGING,Bangalore,KA,UNKNOWN,Bengaluru,KA,UNKNOWN,2020-03-09 09:42:00,2020-03-10 06:22:00,20.67,2,4,10.87,10.33,True,RESIDENCE,1,True,8
391018768927,FEDEX_EXPRESS_SAVER,FDXE,28.0,YOUR_PACKAGING,Bangalore,KA,UNKNOWN,Lucknow,UP,UNKNOWN,2020-03-11 11:09:00,2020-03-18 13:56:00,170.78,4,7,138.55,42.7,True,RESIDENCE,1,True,12
390901927330,FEDEX_EXPRESS_SAVER,FDXE,14.0,YOUR_PACKAGING,Bangalore,KA,UNKNOWN,Hyderabad,TS,UNKNOWN,2020-03-06 10:37:00,2020-03-12 08:19:00,141.7,4,11,120.2,35.42,True,RESIDENCE,2,False,17
390932009368,FEDEX_EXPRESS_SAVER,FDXE,14.0,YOUR_PACKAGING,Bangalore,KA,UNKNOWN,HYDERABAD,TS,UNKNOWN,2020-03-07 10:57:00,2020-03-09 12:30:00,49.55,4,7,39.05,12.39,True,RECEPTIONIST_OR_FRONT_DESK,0,True,10
280902966660,FEDEX_EXPRESS_SAVER,FDXE,2.5,YOUR_PACKAGING,Bangalore,KA,UNKNOWN,Hyderabad,TS,UNKNOWN,2021-06-29 13:37:00,2021-07-02 14:29:00,72.87,4,8,62.27,18.22,True,IN_BOND_OR_CAGE,0,True,12
390871801797,FEDEX_EXPRESS_SAVER,FDXE,14.0,YOUR_PACKAGING,Bangalore,KA,UNKNOWN,Bengaluru,KA,UNKNOWN,2020-03-05 13:50:00,2020-03-06 05:10:00,15.33,3,4,8.75,5.11,True,RESIDENCE,1,True,8
390767885350,FEDEX_EXPRESS_SAVER,FDXE,14.0,YOUR_PACKAGING,Bangalore,KA,UNKNOWN,Pune,MH,UNKNOWN,2020-03-02 10:53:00,2020-03-04 08:41:00,45.8,3,6,35.08,15.27,True,RECEPTIONIST_OR_FRONT_DESK,1,True,10
390902302347,FEDEX_EXPRESS_SAVER,FDXE,14.0,YOUR_PACKAGING,Bangalore,KA,UNKNOWN,Bangalore,KA,UNKNOWN,2020-03-06 10:37:00,2020-03-07 05:36:00,18.98,2,6,12.95,9.49,True,RECEPTIONIST_OR_FRONT_DESK,1,True,10
391017630155,FEDEX_EXPRESS_SAVER,FDXE,14.0,YOUR_PACKAGING,Bangalore,KA,UNKNOWN,New Delhi,DL,UNKNOWN,2020-03-11 11:09:00,2020-03-16 09:55:00,118.77,4,7,85.53,29.69,True,RESIDENCE,1,True,11
390839024061,FEDEX_EXPRESS_SAVER,FDXE,14.0,YOUR_PACKAGING,Bangalore,KA,UNKNOWN,Delhi,DL,UNKNOWN,2020-03-04 10:43:00,2020-03-09 09:15:00,118.53,4,9,85.8,29.63,True,RESIDENCE,1,True,13
391080744877,FEDEX_EXPRESS_SAVER,FDXE,14.0,YOUR_PACKAGING,Bangalore,KA,UNKNOWN,Pune,MH,UNKNOWN,2020-03-13 11:44:00,2020-03-16 10:10:00,70.43,4,13,59.73,17.61,True,RECEPTIONIST_OR_FRONT_DESK,0,True,16
391195866906,FEDEX_EXPRESS_SAVER,FDXE,14.0,YOUR_PACKAGING,Bangalore,KA,UNKNOWN,New delhi,DL,UNKNOWN,2020-03-18 11:38:00,2020-03-23 11:06:00,119.47,4,9,115.37,29.87,True,RESIDENCE,1,True,14
391049832078,FEDEX_EXPRESS_SAVER,FDXE,14.0,YOUR_PACKAGING,Bangalore,KA,UNKNOWN,Kolkata,WB,UNKNOWN,2020-03-12 10:47:00,2020-03-18 11:32:00,144.75,4,8,114.25,36.19,True,RESIDENCE,1,True,12
280853182067,FEDEX_EXPRESS_SAVER,FDXE,5.0,YOUR_PACKAGING,Bangalore,KA,UNKNOWN,Chennai,TN,UNKNOWN,2021-06-28 12:48:00,2021-07-02 13:49:00,97.02,4,8,70.57,24.25,True,RESIDENCE,2,False,14
390808808594,FEDEX_EXPRESS_SAVER,FDXE,14.0,YOUR_PACKAGING,Bangalore,KA,UNKNOWN,Mumbai,MH,UNKNOWN,2020-03-03 10:49:00,2020-03-05 08:09:00,45.33,3,6,33.13,15.11,True,RESIDENCE,1,True,10
391018775697,FEDEX_EXPRESS_SAVER,FDXE,14.0,YOUR_PACKAGING,Bangalore,KA,UNKNOWN,Nagpur,MH,UNKNOWN,2020-03-11 11:09:00,2020-03-14 07:51:00,68.7,4,8,59.05,17.18,True,RECEPTIONIST_OR_FRONT_DESK,1,True,12
390948863631,FEDEX_EXPRESS_SAVER,FDXE,14.0,YOUR_PACKAGING,Bangalore,KA,UNKNOWN,Mumbai,MH,UNKNOWN,2020-03-09 09:42:00,2020-03-11 10:00:00,48.3,4,8,34.45,12.07,True,RECEPTIONIST_OR_FRONT_DESK,0,True,11
390767878200,FEDEX_EXPRESS_SAVER,FDXE,14.0,YOUR_PACKAGING,Bangalore,KA,UNKNOWN,Bangalore,KA,UNKNOWN,2020-03-02 10:53:00,2020-03-03 12:06:00,25.22,2,4,7.13,12.61,True,RESIDENCE,1,True,8
390871721487,FEDEX_EXPRESS_SAVER,FDXE,28.0,YOUR_PACKAGING,Bangalore,KA,UNKNOWN,Mysuru,KA,UNKNOWN,2020-03-05 13:50:00,2020-03-06 08:30:00,18.67,3,5,9.9,6.22,True,RECEPTIONIST_OR_FRONT_DESK,1,True,9
390871798135,FEDEX_EXPRESS_SAVER,FDXE,14.0,YOUR_PACKAGING,Bangalore,KA,UNKNOWN,Mumbai,MH,UNKNOWN,2020-03-05 13:50:00,2020-03-09 13:00:00,95.17,5,8,41.73,19.03,True,RESIDENCE,1,True,13
390769051308,FEDEX_EXPRESS_SAVER,FDXE,14.0,YOUR_PACKAGING,Bangalore,KA,UNKNOWN,Pune,MH,UNKNOWN,2020-03-02 10:53:00,2020-03-06 12:49:00,97.93,3,8,67.5,32.64,True,SHIPPING_RECEIVING,3,False,14
390948867394,FEDEX_EXPRESS_SAVER,FDXE,14.0,YOUR_PACKAGING,Bangalore,KA,UNKNOWN,Vadodara,GJ,UNKNOWN,2020-03-09 09:42:00,2020-03-12 07:00:00,69.3,4,7,60.72,17.32,True,RECEPTIONIST_OR_FRONT_DESK,0,True,10
391080357350,FEDEX_EXPRESS_SAVER,FDXE,14.0,YOUR_PACKAGING,Bangalore,KA,UNKNOWN,Mumbai,MH,UNKNOWN,2020-03-13 11:44:00,2020-03-16 11:10:00,71.43,4,9,56.48,17.86,True,RESIDENCE,1,True,13
390769041097,FEDEX_EXPRESS_SAVER,FDXE,14.0,YOUR_PACKAGING,Bangalore,KA,UNKNOWN,Nagpur,MH,UNKNOWN,2020-03-02 10:53:00,2020-03-05 10:50:00,71.95,3,8,57.93,23.98,True,RESIDENCE,1,True,12
390767756692,FEDEX_EXPRESS_SAVER,FDXE,14.0,YOUR_PACKAGING,Bangalore,KA,UNKNOWN,Pune,MH,UNKNOWN,2020-03-02 10:53:00,2020-03-04 13:30:00,50.62,3,7,38.22,16.87,True,RECEPTIONIST_OR_FRONT_DESK,0,True,10
391128713604,FEDEX_EXPRESS_SAVER,FDXE,14.0,YOUR_PACKAGING,Bangalore,KA,UNKNOWN,New Delhi,DL,UNKNOWN,2020-03-16 10:14:00,2020-03-21 05:20:00,115.1,4,8,100.48,28.77,True,RESIDENCE,2,False,14
390767773927,FEDEX_EXPRESS_SAVER,FDXE,14.0,YOUR_PACKAGING,Bangalore,KA,UNKNOWN,Mumbai,MH,UNKNOWN,2020-03-02 10:53:00,2020-03-04 07:30:00,44.62,3,7,31.4,14.87,True,RESIDENCE,1,True,11
390987545399,FEDEX_EXPRESS_SAVER,FDXE,14.0,YOUR_PACKAGING,Bangalore,KA,UNKNOWN,Hyderabad,TS,UNKNOWN,2020-03-10 10:29:00,2020-03-12 09:25:00,46.93,4,8,40.35,11.73,True,RESIDENCE,1,True,12
390871765957,FEDEX_EXPRESS_SAVER,FDXE,14.0,YOUR_PACKAGING,Bangalore,KA,UNKNOWN,Hyderabad,TS,UNKNOWN,2020-03-05 13:50:00,2020-03-07 12:30:00,46.67,4,6,34.95,11.67,True,RECEPTIONIST_OR_FRONT_DESK,1,True,10
391049864544,FEDEX_EXPRESS_SAVER,FDXE,14.0,YOUR_PACKAGING,Bangalore,KA,UNKNOWN,Nagpur,MH,UNKNOWN,2020-03-12 10:47:00,2020-03-17 12:37:00,121.83,4,10,91.4,30.46,True,RESIDENCE,2,False,16
390767863940,FEDEX_EXPRESS_SAVER,FDXE,14.0,YOUR_PACKAGING,Bangalore,KA,UNKNOWN,Gurgaon,HR,UNKNOWN,2020-03-02 10:53:00,2020-03-07 13:00:00,122.12,3,9,106.98,40.71,True,RECEPTIONIST_OR_FRONT_DESK,2,False,15
390948901463,FEDEX_EXPRESS_SAVER,FDXE,14.0,YOUR_PACKAGING,Bangalore,KA,UNKNOWN,Bengaluru,KA,UNKNOWN,2020-03-09 09:42:00,2020-03-10 13:18:00,27.6,3,5,10.8,9.2,True,RESIDENCE,1,True,9
390950797924,FEDEX_EXPRESS_SAVER,FDXE,14.0,YOUR_PACKAGING,Bangalore,KA,UNKNOWN,Bangalore,KA,UNKNOWN,2020-03-09 09:42:00,2020-03-10 10:00:00,24.3,3,5,10.8,8.1,True,RECEPTIONIST_OR_FRONT_DESK,1,True,9
390767768950,FEDEX_EXPRESS_SAVER,FDXE,14.0,YOUR_PACKAGING,Bangalore,KA,UNKNOWN,Rajnandgaon,CT,UNKNOWN,2020-03-02 10:53:00,2020-03-05 12:00:00,73.12,3,7,63.05,24.37,True,RECEPTIONIST_OR_FRONT_DESK,0,True,10
390839698450,FEDEX_EXPRESS_SAVER,FDXE,14.0,YOUR_PACKAGING,Bangalore,KA,UNKNOWN,Kolkata,WB,UNKNOWN,2020-03-05 13:50:00,2020-03-11 11:39:00,141.82,5,9,133.0,28.36,True,RESIDENCE,1,True,13
391080351396,FEDEX_EXPRESS_SAVER,FDXE,14.0,YOUR_PACKAGING,Bangalore,KA,UNKNOWN,New Delhi,DL,UNKNOWN,2020-03-13 11:44:00,2020-03-17 07:51:00,92.12,4,6,80.32,23.03,True,RESIDENCE,1,True,10
390948893060,FEDEX_EXPRESS_SAVER,FDXE,14.0,YOUR_PACKAGING,Bangalore,KA,UNKNOWN,Bengaluru,KA,UNKNOWN,2020-03-09 09:42:00,2020-03-10 08:03:00,22.35,3,5,10.8,7.45,True,RECEPTIONIST_OR_FRONT_DESK,1,True,9
390948915036,FEDEX_EXPRESS_SAVER,FDXE,14.0,YOUR_PACKAGING,Bangalore,KA,UNKNOWN,Indore,MP,UNKNOWN,2020-03-09 09:42:00,2020-03-12 06:21:00,68.65,5,8,60.18,13.73,True,RECEPTIONIST_OR_FRONT_DESK,1,True,12
390901942719,FEDEX_EXPRESS_SAVER,FDXE,14.0,YOUR_PACKAGING,Bangalore,KA,UNKNOWN,Hyderabad,TS,UNKNOWN,2020-03-06 10:37:00,2020-03-11 12:30:00,121.88,4,12,110.32,30.47,True,RECEPTIONIST_OR_FRONT_DESK,0,True,17
391080316258,FEDEX_EXPRESS_SAVER,FDXE,14.0,YOUR_PACKAGING,Bangalore,KA,UNKNOWN,Mumbai,MH,UNKNOWN,2020-03-13 11:44:00,2020-03-16 09:39:00,69.92,3,10,50.48,23.31,True,SHIPPING_RECEIVING,0,True,13
280902855329,FEDEX_EXPRESS_SAVER,FDXE,2.0,YOUR_PACKAGING,Bangalore,KA,UNKNOWN,Delhi,DL,UNKNOWN,2021-06-29 13:37:00,2021-07-05 10:27:00,140.83,5,9,87.25,28.17,True,RESIDENCE,2,False,17
390932015238,FEDEX_EXPRESS_SAVER,FDXE,14.0,YOUR_PACKAGING,Bangalore,KA,UNKNOWN,Hyderabad,TS,UNKNOWN,2020-03-07 10:57:00,2020-03-10 12:30:00,73.55,4,8,47.78,18.39,True,RECEPTIONIST_OR_FRONT_DESK,1,True,12
390808005402,FEDEX_EXPRESS_SAVER,FDXE,14.0,YOUR_PACKAGING,Bangalore,KA,UNKNOWN,Hyderabad,TS,UNKNOWN,2020-03-03 10:49:00,2020-03-06 12:45:00,73.93,3,7,59.87,24.64,True,IN_BOND_OR_CAGE,0,True,10
390948897537,FEDEX_EXPRESS_SAVER,FDXE,14.0,YOUR_PACKAGING,Bangalore,KA,UNKNOWN,Pune,MH,UNKNOWN,2020-03-09 09:42:00,2020-03-14 07:19:00,117.62,4,8,88.57,29.4,True,RECEPTIONIST_OR_FRONT_DESK,1,True,12
391049835905,FEDEX_EXPRESS_SAVER,FDXE,14.0,YOUR_PACKAGING,Bangalore,KA,UNKNOWN,Ahmedabad,GJ,UNKNOWN,2020-03-12 10:47:00,2020-03-17 07:30:00,116.72,5,13,108.93,23.34,True,RECEPTIONIST_OR_FRONT_DESK,1,True,19
390871789380,FEDEX_EXPRESS_SAVER,FDXE,14.0,YOUR_PACKAGING,Bangalore,KA,UNKNOWN,Mumbai,MH,UNKNOWN,2020-03-05 13:50:00,2020-03-09 06:40:00,88.83,5,8,41.73,17.77,True,RESIDENCE,2,False,15
390931995152,FEDEX_EXPRESS_SAVER,FDXE,14.0,YOUR_PACKAGING,Bangalore,KA,UNKNOWN,Udaipur,RJ,UNKNOWN,2020-03-07 10:57:00,2020-03-13 08:24:00,141.45,7,13,132.72,20.21,True,RECEPTIONIST_OR_FRONT_DESK,1,True,18
391080697205,FEDEX_EXPRESS_SAVER,FDXE,14.0,YOUR_PACKAGING,Bangalore,KA,UNKNOWN,Pune,MH,UNKNOWN,2020-03-13 11:44:00,2020-03-16 10:55:00,71.18,4,13,59.73,17.8,True,RECEPTIONIST_OR_FRONT_DESK,0,True,16
391128770200,FEDEX_EXPRESS_SAVER,FDXE,14.0,YOUR_PACKAGING,Bangalore,KA,UNKNOWN,Gurgaon,HR,UNKNOWN,2020-03-16 10:14:00,2020-03-20 11:25:00,97.18,4,7,82.4,24.3,True,RESIDENCE,1,True,11
390950240108,FEDEX_EXPRESS_SAVER,FDXE,28.0,YOUR_PACKAGING,Bangalore,KA,UNKNOWN,Mumbai,MH,UNKNOWN,2020-03-09 09:42:00,2020-03-12 10:30:00,72.8,5,9,59.9,14.56,True,UNKNOWN,0,True,13
390767808307,FEDEX_EXPRESS_SAVER,FDXE,14.0,YOUR_PACKAGING,Bangalore,KA,UNKNOWN,Greater Noida,UP,UNKNOWN,2020-03-02 10:53:00,2020-03-06 12:58:00,98.08,3,8,86.85,32.69,True,RESIDENCE,0,True,12
391128738630,FEDEX_EXPRESS_SAVER,FDXE,14.0,YOUR_PACKAGING,Bangalore,KA,UNKNOWN,Mumbai,MH,UNKNOWN,2020-03-16 10:14:00,2020-03-18 08:38:00,46.4,4,6,33.83,11.6,True,RESIDENCE,1,True,10
390902329207,FEDEX_EXPRESS_SAVER,FDXE,28.0,YOUR_PACKAGING,Bangalore,KA,UNKNOWN,Bengaluru,KA,UNKNOWN,2020-03-06 10:37:00,2020-03-07 05:36:00,18.98,2,6,12.95,9.49,True,RECEPTIONIST_OR_FRONT_DESK,1,True,10
391198356290,FEDEX_EXPRESS_SAVER,FDXE,14.0,YOUR_PACKAGING,Bangalore,KA,UNKNOWN,Thanjavur,TN,UNKNOWN,2020-03-18 11:38:00,2020-04-10 03:55:00,544.28,4,10,107.45,136.07,True,RESIDENCE,0,True,16
390931713959,FEDEX_EXPRESS_SAVER,FDXE,14.0,YOUR_PACKAGING,Bangalore,KA,UNKNOWN,Gurgaon,HR,UNKNOWN,2020-03-07 10:57:00,2020-03-11 09:49:00,94.87,4,7,80.95,23.72,True,RESIDENCE,1,True,11
391017620614,FEDEX_EXPRESS_SAVER,FDXE,14.0,YOUR_PACKAGING,Bangalore,KA,UNKNOWN,Delhi,DL,UNKNOWN,2020-03-11 11:09:00,2020-03-16 11:02:00,119.88,4,11,85.83,29.97,True,RESIDENCE,1,True,15
390932012191,FEDEX_EXPRESS_SAVER,FDXE,14.0,YOUR_PACKAGING,Bangalore,KA,UNKNOWN,Kozhikode,KL,UNKNOWN,2020-03-07 10:57:00,2020-03-10 10:30:00,71.55,3,5,59.68,23.85,True,RECEPTIONIST_OR_FRONT_DESK,0,True,8
390871747925,FEDEX_EXPRESS_SAVER,FDXE,14.0,YOUR_PACKAGING,Bangalore,KA,UNKNOWN,indore,MP,UNKNOWN,2020-03-05 13:50:00,2020-03-09 10:19:00,92.48,5,12,83.37,18.5,True,RESIDENCE,1,True,16
391128574287,FEDEX_EXPRESS_SAVER,FDXE,14.0,YOUR_PACKAGING,Bangalore,KA,UNKNOWN,Gurugram,HR,UNKNOWN,2020-03-16 10:14:00,2020-03-20 07:29:00,93.25,4,7,80.1,23.31,True,RESIDENCE,1,True,11
391109027000,FEDEX_EXPRESS_SAVER,FDXE,14.0,YOUR_PACKAGING,Bangalore,KA,UNKNOWN,Bhilai,CT,UNKNOWN,2020-03-14 11:05:00,2020-03-20 10:25:00,143.33,5,10,110.13,28.67,True,RESIDENCE,1,True,14
391049862758,FEDEX_EXPRESS_SAVER,FDXE,14.0,YOUR_PACKAGING,Bangalore,KA,UNKNOWN,Mumbai,MH,UNKNOWN,2020-03-12 10:47:00,2020-03-14 10:30:00,47.72,4,6,33.43,11.93,True,RECEPTIONIST_OR_FRONT_DESK,1,True,10
390931989124,FEDEX_EXPRESS_SAVER,FDXE,28.0,YOUR_PACKAGING,Bangalore,KA,UNKNOWN,GURGAON,HR,UNKNOWN,2020-03-07 10:57:00,2020-03-11 09:49:00,94.87,4,7,80.9,23.72,True,RESIDENCE,1,True,11
391195859433,FEDEX_EXPRESS_SAVER,FDXE,14.0,YOUR_PACKAGING,Bangalore,KA,UNKNOWN,Hyderabad,TS,UNKNOWN,2020-03-18 11:38:00,2020-03-20 10:00:00,46.37,4,6,36.32,11.59,True,RESIDENCE,1,True,10
390871742485,FEDEX_EXPRESS_SAVER,FDXE,14.0,YOUR_PACKAGING,Bangalore,KA,UNKNOWN,Mysore,KA,UNKNOWN,2020-03-05 13:50:00,2020-03-06 08:30:00,18.67,3,5,9.87,6.22,True,RECEPTIONIST_OR_FRONT_DESK,1,True,9
391049866890,FEDEX_EXPRESS_SAVER,FDXE,14.0,YOUR_PACKAGING,Bangalore,KA,UNKNOWN,Visakhapatnam,AP,UNKNOWN,2020-03-12 10:47:00,2020-03-16 10:56:00,96.15,5,9,62.42,19.23,True,RESIDENCE,1,True,13
390948910847,FEDEX_EXPRESS_SAVER,FDXE,14.0,YOUR_PACKAGING,Bangalore,KA,UNKNOWN,Mumbai,MH,UNKNOWN,2020-03-09 09:42:00,2020-03-12 08:15:00,70.55,5,8,41.88,14.11,True,RESIDENCE,1,True,14
391018754107,FEDEX_EXPRESS_SAVER,FDXE,14.0,YOUR_PACKAGING,Bangalore,KA,UNKNOWN,Nagpur,MH,UNKNOWN,2020-03-11 11:09:00,2020-03-14 07:47:00,68.63,4,8,59.05,17.16,True,RECEPTIONIST_OR_FRONT_DESK,1,True,12
280998636780,FEDEX_EXPRESS_SAVER,FDXE,3.8,YOUR_PACKAGING,Mumbai,MH,UNKNOWN,Surat,GJ,UNKNOWN,2021-07-03 12:40:00,2021-07-07 12:04:00,95.4,5,11,70.35,19.08,True,RESIDENCE,2,False,16
281176409884,FEDEX_EXPRESS_SAVER,FDXE,6.0,YOUR_PACKAGING,Mumbai,MH,UNKNOWN,Hyderabad,TS,UNKNOWN,2021-07-08 11:23:00,2021-07-13 10:43:00,119.33,4,9,95.33,29.83,True,RESIDENCE,2,False,15
281097610455,FEDEX_EXPRESS_SAVER,FDXE,18.0,YOUR_PACKAGING,Mumbai,MH,UNKNOWN,Bangalore,KA,UNKNOWN,2021-07-05 10:43:00,2021-07-09 11:07:00,96.4,4,9,71.65,24.1,True,RESIDENCE,0,True,13
281333571565,FEDEX_EXPRESS_SAVER,FDXE,17.24,YOUR_PACKAGING,Mumbai,MH,UNKNOWN,Mumbai,MH,UNKNOWN,2021-07-12 13:50:00,2021-07-14 07:05:00,41.25,3,6,24.33,13.75,True,RECEPTIONIST_OR_FRONT_DESK,2,False,12
281095533884,FEDEX_EXPRESS_SAVER,FDXE,12.0,YOUR_PACKAGING,Goa,GA,UNKNOWN,Chennai,TN,UNKNOWN,2021-07-07 13:52:00,2021-07-14 13:23:00,167.52,4,8,136.13,41.88,True,RECEPTIONIST_OR_FRONT_DESK,1,True,13
280267329094,FEDEX_EXPRESS_SAVER,FDXE,20.0,YOUR_PACKAGING,Delhi,DL,UNKNOWN,Noida,UP,UNKNOWN,2021-06-11 13:26:00,2021-06-16 05:58:00,112.53,3,13,107.55,37.51,True,RECEPTIONIST_OR_FRONT_DESK,0,True,18
280267328981,FEDEX_EXPRESS_SAVER,FDXE,20.0,YOUR_PACKAGING,Delhi,DL,UNKNOWN,Hyderabad,TS,UNKNOWN,2021-06-11 13:26:00,2021-06-18 11:48:00,166.37,5,12,155.63,33.27,True,IN_BOND_OR_CAGE,0,True,16
281038348186,FEDEX_EXPRESS_SAVER,FDXE,2.0,YOUR_PACKAGING,Mumbai,MH,UNKNOWN,Pune,MH,UNKNOWN,2021-07-03 12:33:00,2021-07-07 10:43:00,94.17,4,10,71.1,23.54,True,RESIDENCE,2,False,15
280439181099,FEDEX_EXPRESS_SAVER,FDXE,32.0,YOUR_PACKAGING,Delhi,DL,UNKNOWN,Chennai,TN,UNKNOWN,2021-06-16 13:52:00,2021-06-24 12:52:00,191.0,4,12,180.15,47.75,True,RECEPTIONIST_OR_FRONT_DESK,1,True,17
281222569500,FEDEX_EXPRESS_SAVER,FDXE,22.5,YOUR_PACKAGING,Delhi,DL,UNKNOWN,Jammu,JK,UNKNOWN,2021-07-09 09:05:00,2021-07-15 12:53:00,147.8,4,7,64.8,36.95,True,RECEPTIONIST_OR_FRONT_DESK,0,True,12
280307632740,FEDEX_EXPRESS_SAVER,FDXE,2.0,YOUR_PACKAGING,Mumbai,MH,UNKNOWN,Pune,MH,UNKNOWN,2021-06-14 14:01:00,2021-06-16 11:00:00,44.98,4,7,38.13,11.25,True,RESIDENCE,1,True,11
280307633276,FEDEX_EXPRESS_SAVER,FDXE,2.0,YOUR_PACKAGING,Mumbai,MH,UNKNOWN,Pune,MH,UNKNOWN,2021-06-14 14:01:00,2021-06-16 11:00:00,44.98,4,7,38.17,11.25,True,RESIDENCE,1,True,11
280993568461,FEDEX_EXPRESS_SAVER,FDXE,1.5,YOUR_PACKAGING,Pune,MH,UNKNOWN,Mumbai,MH,UNKNOWN,2021-07-03 10:49:00,2021-07-06 05:00:00,66.18,2,6,41.38,33.09,True,RESIDENCE,2,False,12
